"id","year","state_name","state_code","road_type","cases","injured","died"
0,"2018","Andaman And Nicobar Islands","35","Expressways",0.0,0.0,0.0
1,"2018","Andaman And Nicobar Islands","35","National Highways",93.0,98.0,8.0
2,"2018","Andaman And Nicobar Islands","35","Other Roads",60.0,63.0,5.0
3,"2018","Andaman And Nicobar Islands","35","State Highways",101.0,99.0,6.0
4,"2018","Andhra Pradesh","28","Expressways",38.0,52.0,18.0
5,"2018","Andhra Pradesh","28","National Highways",6834.0,7376.0,2848.0
6,"2018","Andhra Pradesh","28","Other Roads",8674.0,9196.0,2889.0
7,"2018","Andhra Pradesh","28","State Highways",5462.0,5385.0,1829.0
8,"2018","Arunachal Pradesh","12","Expressways",0.0,0.0,0.0
9,"2018","Arunachal Pradesh","12","National Highways",71.0,59.0,35.0
10,"2018","Arunachal Pradesh","12","Other Roads",70.0,83.0,57.0
11,"2018","Arunachal Pradesh","12","State Highways",88.0,101.0,71.0
12,"2018","Assam","18","Expressways",38.0,45.0,22.0
13,"2018","Assam","18","National Highways",3397.0,2839.0,1361.0
14,"2018","Assam","18","Other Roads",1910.0,1692.0,695.0
15,"2018","Assam","18","State Highways",1835.0,1505.0,634.0
16,"2018","Bihar","10","Expressways",0.0,0.0,0.0
17,"2018","Bihar","10","National Highways",4092.0,2857.0,3210.0
18,"2018","Bihar","10","Other Roads",2912.0,2182.0,1906.0
19,"2018","Bihar","10","State Highways",2596.0,1640.0,1613.0
20,"2018","Chandigarh","4","Expressways",0.0,0.0,0.0
21,"2018","Chandigarh","4","National Highways",23.0,22.0,8.0
22,"2018","Chandigarh","4","Other Roads",294.0,245.0,93.0
23,"2018","Chandigarh","4","State Highways",0.0,0.0,0.0
24,"2018","Chhattisgarh","22","Expressways",5.0,6.0,0.0
25,"2018","Chhattisgarh","22","National Highways",3938.0,3603.0,1306.0
26,"2018","Chhattisgarh","22","Other Roads",7050.0,6304.0,2212.0
27,"2018","Chhattisgarh","22","State Highways",2872.0,2803.0,1075.0
28,"2018","Delhi","7","Expressways",0.0,0.0,0.0
29,"2018","Delhi","7","National Highways",815.0,653.0,264.0
30,"2018","Delhi","7","Other Roads",5328.0,4662.0,1360.0
31,"2018","Delhi","7","State Highways",374.0,325.0,110.0
32,"2018","Goa","30","Expressways",0.0,0.0,0.0
33,"2018","Goa","30","National Highways",1455.0,625.0,121.0
34,"2018","Goa","30","Other Roads",1955.0,752.0,121.0
35,"2018","Goa","30","State Highways",300.0,125.0,22.0
36,"2018","Gujarat","24","Expressways",212.0,205.0,94.0
37,"2018","Gujarat","24","National Highways",3663.0,3375.0,2116.0
38,"2018","Gujarat","24","Other Roads",9610.0,8952.0,3403.0
39,"2018","Gujarat","24","State Highways",4929.0,5087.0,2427.0
40,"2018","Haryana","6","Expressways",47.0,45.0,37.0
41,"2018","Haryana","6","National Highways",3669.0,2893.0,1963.0
42,"2018","Haryana","6","Other Roads",5231.0,4549.0,2095.0
43,"2018","Haryana","6","State Highways",2705.0,2332.0,1334.0
44,"2018","Himachal Pradesh","2","Expressways",0.0,0.0,0.0
45,"2018","Himachal Pradesh","2","National Highways",1348.0,2179.0,418.0
46,"2018","Himachal Pradesh","2","Other Roads",1027.0,1659.0,441.0
47,"2018","Himachal Pradesh","2","State Highways",744.0,1154.0,218.0
48,"2018","Jammu And Kashmir","1","Expressways",0.0,0.0,0.0
49,"2018","Jammu And Kashmir","1","National Highways",2155.0,2713.0,400.0
50,"2018","Jammu And Kashmir","1","Other Roads",3115.0,4260.0,467.0
51,"2018","Jammu And Kashmir","1","State Highways",727.0,882.0,119.0
52,"2018","Jharkhand","20","Expressways",85.0,38.0,55.0
53,"2018","Jharkhand","20","National Highways",1649.0,1154.0,1141.0
54,"2018","Jharkhand","20","Other Roads",1979.0,1489.0,1129.0
55,"2018","Jharkhand","20","State Highways",1681.0,1294.0,1217.0
56,"2018","Karnataka","29","Expressways",0.0,0.0,0.0
57,"2018","Karnataka","29","National Highways",13641.0,16095.0,3936.0
58,"2018","Karnataka","29","Other Roads",17385.0,20017.0,3970.0
59,"2018","Karnataka","29","State Highways",10681.0,15450.0,3084.0
60,"2018","Kerala","32","Expressways",0.0,0.0,0.0
61,"2018","Kerala","32","National Highways",9161.0,10463.0,1248.0
62,"2018","Kerala","32","Other Roads",23468.0,26239.0,2179.0
63,"2018","Kerala","32","State Highways",7552.0,8756.0,876.0
64,"2018","Lakshadweep","31","Expressways",0.0,0.0,0.0
65,"2018","Lakshadweep","31","National Highways",0.0,0.0,0.0
66,"2018","Lakshadweep","31","Other Roads",3.0,3.0,1.0
67,"2018","Lakshadweep","31","State Highways",0.0,0.0,0.0
68,"2018","Madhya Pradesh","23","Expressways",0.0,0.0,0.0
69,"2018","Madhya Pradesh","23","National Highways",9047.0,9605.0,2637.0
70,"2018","Madhya Pradesh","23","Other Roads",26027.0,26842.0,5358.0
71,"2018","Madhya Pradesh","23","State Highways",12395.0,14702.0,3432.0
72,"2018","Maharashtra","27","Expressways",292.0,147.0,107.0
73,"2018","Maharashtra","27","National Highways",7466.0,6655.0,3867.0
74,"2018","Maharashtra","27","Other Roads",13945.0,11133.0,5938.0
75,"2018","Maharashtra","27","State Highways",8037.0,7167.0,3951.0
76,"2018","Manipur","14","Expressways",0.0,0.0,0.0
77,"2018","Manipur","14","National Highways",308.0,559.0,79.0
78,"2018","Manipur","14","Other Roads",98.0,146.0,27.0
79,"2018","Manipur","14","State Highways",196.0,341.0,29.0
80,"2018","Meghalaya","17","Expressways",7.0,15.0,14.0
81,"2018","Meghalaya","17","National Highways",141.0,126.0,107.0
82,"2018","Meghalaya","17","Other Roads",77.0,76.0,46.0
83,"2018","Meghalaya","17","State Highways",33.0,15.0,29.0
84,"2018","Mizoram","15","Expressways",0.0,0.0,0.0
85,"2018","Mizoram","15","National Highways",20.0,36.0,26.0
86,"2018","Mizoram","15","Other Roads",8.0,2.0,8.0
87,"2018","Mizoram","15","State Highways",22.0,35.0,28.0
88,"2018","Nagaland","13","Expressways",0.0,0.0,0.0
89,"2018","Nagaland","13","National Highways",30.0,39.0,20.0
90,"2018","Nagaland","13","Other Roads",11.0,38.0,9.0
91,"2018","Nagaland","13","State Highways",9.0,13.0,6.0
92,"2018","Odisha","21","Expressways",42.0,38.0,25.0
93,"2018","Odisha","21","National Highways",4270.0,4311.0,1996.0
94,"2018","Odisha","21","Other Roads",4127.0,4149.0,1886.0
95,"2018","Odisha","21","State Highways",2823.0,2891.0,1329.0
96,"2018","Puducherry","34","Expressways",0.0,0.0,0.0
97,"2018","Puducherry","34","National Highways",771.0,771.0,120.0
98,"2018","Puducherry","34","Other Roads",690.0,820.0,63.0
99,"2018","Puducherry","34","State Highways",136.0,136.0,43.0
100,"2018","Punjab","3","Expressways",47.0,37.0,34.0
101,"2018","Punjab","3","National Highways",2293.0,1100.0,1760.0
102,"2018","Punjab","3","Other Roads",2241.0,1158.0,1612.0
103,"2018","Punjab","3","State Highways",1843.0,1044.0,1332.0
104,"2018","Rajasthan","8","Expressways",53.0,55.0,19.0
105,"2018","Rajasthan","8","National Highways",6695.0,6995.0,3762.0
106,"2018","Rajasthan","8","Other Roads",11400.0,10970.0,4665.0
107,"2018","Rajasthan","8","State Highways",3595.0,3527.0,1874.0
108,"2018","Sikkim","11","Expressways",0.0,0.0,0.0
109,"2018","Sikkim","11","National Highways",47.0,93.0,11.0
110,"2018","Sikkim","11","Other Roads",51.0,88.0,28.0
111,"2018","Sikkim","11","State Highways",71.0,176.0,32.0
112,"2018","Tamil Nadu","33","Expressways",0.0,0.0,0.0
113,"2018","Tamil Nadu","33","National Highways",19583.0,24016.0,4492.0
114,"2018","Tamil Nadu","33","Other Roads",21488.0,23782.0,3439.0
115,"2018","Tamil Nadu","33","State Highways",22849.0,26739.0,4285.0
116,"2018","Telangana","36","Expressways",16.0,3.0,1.0
117,"2018","Telangana","36","National Highways",6461.0,6397.0,1894.0
118,"2018","Telangana","36","Other Roads",12114.0,12693.0,3409.0
119,"2018","Telangana","36","State Highways",3639.0,4520.0,1299.0
120,"2018","The Dadra And Nagar Haveli And Daman And Diu","38","Expressways",0.0,0.0,0.0
121,"2018","The Dadra And Nagar Haveli And Daman And Diu","38","National Highways",0.0,0.0,0.0
122,"2018","The Dadra And Nagar Haveli And Daman And Diu","38","Other Roads",118.0,129.0,68.0
123,"2018","The Dadra And Nagar Haveli And Daman And Diu","38","State Highways",33.0,23.0,22.0
124,"2018","Tripura","16","Expressways",0.0,0.0,0.0
125,"2018","Tripura","16","National Highways",188.0,224.0,83.0
126,"2018","Tripura","16","Other Roads",177.0,228.0,63.0
127,"2018","Tripura","16","State Highways",186.0,289.0,66.0
128,"2018","Uttar Pradesh","9","Expressways",1524.0,931.0,764.0
129,"2018","Uttar Pradesh","9","National Highways",11219.0,6496.0,6928.0
130,"2018","Uttar Pradesh","9","Other Roads",13601.0,8534.0,8474.0
131,"2018","Uttar Pradesh","9","State Highways",10511.0,6361.0,6375.0
132,"2018","Uttarakhand","5","Expressways",0.0,0.0,0.0
133,"2018","Uttarakhand","5","National Highways",829.0,769.0,602.0
134,"2018","Uttarakhand","5","Other Roads",295.0,378.0,186.0
135,"2018","Uttarakhand","5","State Highways",345.0,436.0,285.0
136,"2018","West Bengal","19","Expressways",293.0,277.0,63.0
137,"2018","West Bengal","19","National Highways",3201.0,3376.0,2004.0
138,"2018","West Bengal","19","Other Roads",5846.0,4691.0,1997.0
139,"2018","West Bengal","19","State Highways",2487.0,2495.0,1405.0
140,"2019","Andhra Pradesh","28","Expressways",0.0,0.0,0.0
141,"2019","Andhra Pradesh","28","National Highways",6988.0,8239.0,2997.0
142,"2019","Andhra Pradesh","28","Other Roads",8851.0,11118.0,2907.0
143,"2019","Andhra Pradesh","28","State Highways",4838.0,5262.0,2080.0
144,"2019","Arunachal Pradesh","12","Expressways",0.0,0.0,0.0
145,"2019","Arunachal Pradesh","12","National Highways",79.0,107.0,37.0
146,"2019","Arunachal Pradesh","12","Other Roads",47.0,71.0,34.0
147,"2019","Arunachal Pradesh","12","State Highways",74.0,97.0,38.0
148,"2019","Assam","18","Expressways",0.0,0.0,0.0
149,"2019","Assam","18","National Highways",3364.0,3184.0,1479.0
150,"2019","Assam","18","Other Roads",2667.0,2079.0,1049.0
151,"2019","Assam","18","State Highways",2024.0,1818.0,717.0
152,"2019","Bihar","10","Expressways",0.0,0.0,0.0
153,"2019","Bihar","10","National Highways",4493.0,3038.0,3403.0
154,"2019","Bihar","10","Other Roads",2954.0,2107.0,1948.0
155,"2019","Bihar","10","State Highways",2560.0,2061.0,1854.0
156,"2019","Chandigarh","4","Expressways",0.0,0.0,0.0
157,"2019","Chandigarh","4","National Highways",36.0,27.0,13.0
158,"2019","Chandigarh","4","Other Roads",268.0,248.0,91.0
159,"2019","Chandigarh","4","State Highways",0.0,0.0,0.0
160,"2019","Chhattisgarh","22","Expressways",0.0,0.0,0.0
161,"2019","Chhattisgarh","22","National Highways",3806.0,3542.0,1455.0
162,"2019","Chhattisgarh","22","Other Roads",7105.0,6659.0,2402.0
163,"2019","Chhattisgarh","22","State Highways",2988.0,2888.0,1146.0
164,"2019","Delhi","7","Expressways",0.0,0.0,0.0
165,"2019","Delhi","7","National Highways",701.0,618.0,271.0
166,"2019","Delhi","7","Other Roads",4310.0,3831.0,1050.0
167,"2019","Delhi","7","State Highways",590.0,500.0,187.0
168,"2019","Goa","30","Expressways",0.0,0.0,0.0
169,"2019","Goa","30","National Highways",1255.0,445.0,121.0
170,"2019","Goa","30","Other Roads",1886.0,838.0,149.0
171,"2019","Goa","30","State Highways",299.0,177.0,29.0
172,"2019","Gujarat","24","Expressways",75.0,121.0,42.0
173,"2019","Gujarat","24","National Highways",3328.0,3153.0,1942.0
174,"2019","Gujarat","24","Other Roads",8832.0,8409.0,3280.0
175,"2019","Gujarat","24","State Highways",4268.0,4293.0,2164.0
176,"2019","Haryana","6","Expressways",173.0,128.0,104.0
177,"2019","Haryana","6","National Highways",3182.0,2633.0,1829.0
178,"2019","Haryana","6","Other Roads",5040.0,4383.0,2062.0
179,"2019","Haryana","6","State Highways",2542.0,2103.0,1274.0
180,"2019","Himachal Pradesh","2","Expressways",0.0,0.0,0.0
181,"2019","Himachal Pradesh","2","National Highways",1289.0,2149.0,451.0
182,"2019","Himachal Pradesh","2","Other Roads",1093.0,1629.0,462.0
183,"2019","Himachal Pradesh","2","State Highways",514.0,962.0,211.0
184,"2019","Jammu And Kashmir","1","Expressways",0.0,0.0,0.0
185,"2019","Jammu And Kashmir","1","National Highways",2140.0,2582.0,364.0
186,"2019","Jammu And Kashmir","1","Other Roads",2895.0,3992.0,527.0
187,"2019","Jammu And Kashmir","1","State Highways",760.0,943.0,118.0
188,"2019","Jharkhand","20","Expressways",101.0,56.0,66.0
189,"2019","Jharkhand","20","National Highways",1858.0,1392.0,1511.0
190,"2019","Jharkhand","20","Other Roads",1817.0,1287.0,1237.0
191,"2019","Jharkhand","20","State Highways",1441.0,1083.0,987.0
192,"2019","Karnataka","29","Expressways",0.0,0.0,0.0
193,"2019","Karnataka","29","National Highways",13343.0,16835.0,3826.0
194,"2019","Karnataka","29","Other Roads",16857.0,19528.0,3946.0
195,"2019","Karnataka","29","State Highways",10444.0,14079.0,3179.0
196,"2019","Kerala","32","Expressways",0.0,0.0,0.0
197,"2019","Kerala","32","National Highways",9431.0,10984.0,1290.0
198,"2019","Kerala","32","Other Roads",21395.0,23586.0,2040.0
199,"2019","Kerala","32","State Highways",9118.0,9897.0,1040.0
200,"2019","Lakshadweep","31","Expressways",0.0,0.0,0.0
201,"2019","Lakshadweep","31","National Highways",0.0,0.0,0.0
202,"2019","Lakshadweep","31","Other Roads",1.0,1.0,0.0
203,"2019","Lakshadweep","31","State Highways",0.0,0.0,0.0
204,"2019","Madhya Pradesh","23","Expressways",0.0,0.0,0.0
205,"2019","Madhya Pradesh","23","National Highways",10406.0,10647.0,3165.0
206,"2019","Madhya Pradesh","23","Other Roads",27234.0,28671.0,5392.0
207,"2019","Madhya Pradesh","23","State Highways",14001.0,14447.0,3299.0
208,"2019","Maharashtra","27","Expressways",666.0,687.0,167.0
209,"2019","Maharashtra","27","National Highways",7594.0,7179.0,5083.0
210,"2019","Maharashtra","27","Other Roads",12491.0,9829.0,5545.0
211,"2019","Maharashtra","27","State Highways",6535.0,5594.0,3813.0
212,"2019","Manipur","14","Expressways",0.0,0.0,0.0
213,"2019","Manipur","14","National Highways",395.0,602.0,111.0
214,"2019","Manipur","14","Other Roads",74.0,126.0,10.0
215,"2019","Manipur","14","State Highways",203.0,327.0,35.0
216,"2019","Meghalaya","17","Expressways",0.0,0.0,0.0
217,"2019","Meghalaya","17","National Highways",138.0,192.0,104.0
218,"2019","Meghalaya","17","Other Roads",63.0,77.0,48.0
219,"2019","Meghalaya","17","State Highways",35.0,18.0,24.0
220,"2019","Mizoram","15","Expressways",0.0,0.0,0.0
221,"2019","Mizoram","15","National Highways",24.0,8.0,25.0
222,"2019","Mizoram","15","Other Roads",7.0,0.0,9.0
223,"2019","Mizoram","15","State Highways",26.0,17.0,29.0
224,"2019","Nagaland","13","Expressways",0.0,0.0,0.0
225,"2019","Nagaland","13","National Highways",15.0,10.0,11.0
226,"2019","Nagaland","13","Other Roads",6.0,23.0,8.0
227,"2019","Nagaland","13","State Highways",5.0,26.0,3.0
228,"2019","Odisha","21","Expressways",96.0,111.0,64.0
229,"2019","Odisha","21","National Highways",3963.0,4454.0,2107.0
230,"2019","Odisha","21","Other Roads",3902.0,3317.0,1679.0
231,"2019","Odisha","21","State Highways",3103.0,3295.0,1483.0
232,"2019","Puducherry","34","Expressways",0.0,0.0,0.0
233,"2019","Puducherry","34","National Highways",653.0,763.0,120.0
234,"2019","Puducherry","34","Other Roads",537.0,603.0,8.0
235,"2019","Puducherry","34","State Highways",202.0,253.0,19.0
236,"2019","Punjab","3","Expressways",17.0,28.0,15.0
237,"2019","Punjab","3","National Highways",2124.0,1162.0,1670.0
238,"2019","Punjab","3","Other Roads",2599.0,1457.0,1782.0
239,"2019","Punjab","3","State Highways",1576.0,1079.0,1146.0
240,"2019","Rajasthan","8","Expressways",213.0,212.0,91.0
241,"2019","Rajasthan","8","National Highways",6809.0,6885.0,3891.0
242,"2019","Rajasthan","8","Other Roads",12806.0,12199.0,4577.0
243,"2019","Rajasthan","8","State Highways",3650.0,3683.0,2004.0
244,"2019","Sikkim","11","Expressways",0.0,0.0,0.0
245,"2019","Sikkim","11","National Highways",56.0,85.0,27.0
246,"2019","Sikkim","11","Other Roads",54.0,113.0,32.0
247,"2019","Sikkim","11","State Highways",62.0,131.0,25.0
248,"2019","Tamil Nadu","33","Expressways",0.0,0.0,0.0
249,"2019","Tamil Nadu","33","National Highways",17633.0,21727.0,3921.0
250,"2019","Tamil Nadu","33","Other Roads",20316.0,22998.0,3181.0
251,"2019","Tamil Nadu","33","State Highways",19279.0,22412.0,3423.0
252,"2019","Telangana","36","Expressways",3.0,1.0,0.0
253,"2019","Telangana","36","National Highways",7349.0,7590.0,2384.0
254,"2019","Telangana","36","Other Roads",11717.0,11794.0,3622.0
255,"2019","Telangana","36","State Highways",2501.0,2614.0,958.0
256,"2019","The Dadra And Nagar Haveli And Daman And Diu","38","Expressways",0.0,0.0,0.0
257,"2019","The Dadra And Nagar Haveli And Daman And Diu","38","National Highways",0.0,0.0,0.0
258,"2019","The Dadra And Nagar Haveli And Daman And Diu","38","Other Roads",96.0,146.0,50.0
259,"2019","The Dadra And Nagar Haveli And Daman And Diu","38","State Highways",35.0,33.0,28.0
260,"2019","Tripura","16","Expressways",0.0,0.0,0.0
261,"2019","Tripura","16","National Highways",250.0,326.0,105.0
262,"2019","Tripura","16","Other Roads",194.0,230.0,64.0
263,"2019","Tripura","16","State Highways",211.0,260.0,70.0
264,"2019","Uttar Pradesh","9","Expressways",881.0,540.0,761.0
265,"2019","Uttar Pradesh","9","National Highways",11677.0,6770.0,7187.0
266,"2019","Uttar Pradesh","9","Other Roads",14547.0,8854.0,8952.0
267,"2019","Uttar Pradesh","9","State Highways",10432.0,6087.0,6385.0
268,"2019","Uttarakhand","5","Expressways",0.0,0.0,0.0
269,"2019","Uttarakhand","5","National Highways",687.0,704.0,339.0
270,"2019","Uttarakhand","5","Other Roads",404.0,354.0,294.0
271,"2019","Uttarakhand","5","State Highways",261.0,399.0,234.0
272,"2019","West Bengal","19","Expressways",178.0,113.0,79.0
273,"2019","West Bengal","19","National Highways",3465.0,3439.0,1967.0
274,"2019","West Bengal","19","Other Roads",5908.0,5526.0,2061.0
275,"2019","West Bengal","19","State Highways",2682.0,2666.0,1617.0
276,"2020","Andaman And Nicobar Islands","35","Expressways",0.0,0.0,0.0
277,"2020","Andaman And Nicobar Islands","35","National Highways",42.0,55.0,8.0
278,"2020","Andaman And Nicobar Islands","35","Other Roads",65.0,62.0,3.0
279,"2020","Andaman And Nicobar Islands","35","State Highways",34.0,28.0,3.0
280,"2020","Andhra Pradesh","28","Expressways",0.0,0.0,0.0
281,"2020","Andhra Pradesh","28","National Highways",6487.0,7215.0,2858.0
282,"2020","Andhra Pradesh","28","Other Roads",7102.0,7630.0,2477.0
283,"2020","Andhra Pradesh","28","State Highways",4335.0,4830.0,1704.0
284,"2020","Arunachal Pradesh","12","Expressways",0.0,0.0,0.0
285,"2020","Arunachal Pradesh","12","National Highways",60.0,53.0,33.0
286,"2020","Arunachal Pradesh","12","Other Roads",37.0,24.0,23.0
287,"2020","Arunachal Pradesh","12","State Highways",62.0,66.0,34.0
288,"2020","Assam","18","Expressways",247.0,171.0,67.0
289,"2020","Assam","18","National Highways",2896.0,2202.0,1370.0
290,"2020","Assam","18","Other Roads",1861.0,1373.0,743.0
291,"2020","Assam","18","State Highways",1733.0,1319.0,633.0
292,"2020","Bihar","10","Expressways",0.0,0.0,0.0
293,"2020","Bihar","10","National Highways",3932.0,2613.0,3061.0
294,"2020","Bihar","10","Other Roads",2396.0,2193.0,1735.0
295,"2020","Bihar","10","State Highways",2311.0,2213.0,1902.0
296,"2020","Chandigarh","4","Expressways",0.0,0.0,0.0
297,"2020","Chandigarh","4","National Highways",21.0,12.0,6.0
298,"2020","Chandigarh","4","Other Roads",136.0,136.0,47.0
299,"2020","Chandigarh","4","State Highways",0.0,0.0,0.0
300,"2020","Chhattisgarh","22","Expressways",0.0,0.0,0.0
301,"2020","Chhattisgarh","22","National Highways",3544.0,2985.0,1469.0
302,"2020","Chhattisgarh","22","Other Roads",6010.0,5670.0,2204.0
303,"2020","Chhattisgarh","22","State Highways",2120.0,1894.0,943.0
304,"2020","Delhi","7","Expressways",17.0,14.0,5.0
305,"2020","Delhi","7","National Highways",659.0,470.0,216.0
306,"2020","Delhi","7","Other Roads",3236.0,2703.0,921.0
307,"2020","Delhi","7","State Highways",275.0,267.0,54.0
308,"2020","Goa","30","Expressways",0.0,0.0,0.0
309,"2020","Goa","30","National Highways",770.0,273.0,75.0
310,"2020","Goa","30","Other Roads",1246.0,477.0,115.0
311,"2020","Goa","30","State Highways",359.0,125.0,34.0
312,"2020","Gujarat","24","Expressways",63.0,80.0,28.0
313,"2020","Gujarat","24","National Highways",3201.0,2753.0,1724.0
314,"2020","Gujarat","24","Other Roads",6543.0,5904.0,2496.0
315,"2020","Gujarat","24","State Highways",3600.0,3247.0,1952.0
316,"2020","Haryana","6","Expressways",125.0,102.0,108.0
317,"2020","Haryana","6","National Highways",2867.0,2159.0,1489.0
318,"2020","Haryana","6","Other Roads",4697.0,3839.0,2058.0
319,"2020","Haryana","6","State Highways",1817.0,1527.0,976.0
320,"2020","Himachal Pradesh","2","Expressways",0.0,0.0,0.0
321,"2020","Himachal Pradesh","2","National Highways",1021.0,1505.0,356.0
322,"2020","Himachal Pradesh","2","Other Roads",876.0,1175.0,385.0
323,"2020","Himachal Pradesh","2","State Highways",338.0,528.0,123.0
324,"2020","Jammu And Kashmir","1","Expressways",0.0,0.0,0.0
325,"2020","Jammu And Kashmir","1","National Highways",1550.0,1854.0,267.0
326,"2020","Jammu And Kashmir","1","Other Roads",2642.0,3312.0,377.0
327,"2020","Jammu And Kashmir","1","State Highways",669.0,758.0,87.0
328,"2020","Jharkhand","20","Expressways",0.0,0.0,0.0
329,"2020","Jharkhand","20","National Highways",1736.0,1247.0,1176.0
330,"2020","Jharkhand","20","Other Roads",1392.0,1149.0,857.0
331,"2020","Jharkhand","20","State Highways",1277.0,899.0,1011.0
332,"2020","Karnataka","29","Expressways",0.0,0.0,0.0
333,"2020","Karnataka","29","National Highways",11230.0,13131.0,3330.0
334,"2020","Karnataka","29","Other Roads",13483.0,14570.0,3531.0
335,"2020","Karnataka","29","State Highways",9465.0,11791.0,2899.0
336,"2020","Kerala","32","Expressways",0.0,0.0,0.0
337,"2020","Kerala","32","National Highways",6625.0,7373.0,864.0
338,"2020","Kerala","32","Other Roads",14331.0,15369.0,1389.0
339,"2020","Kerala","32","State Highways",6843.0,7760.0,724.0
340,"2020","Ladakh","37","Expressways",0.0,0.0,0.0
341,"2020","Ladakh","37","National Highways",84.0,94.0,19.0
342,"2020","Ladakh","37","Other Roads",23.0,19.0,6.0
343,"2020","Ladakh","37","State Highways",32.0,33.0,7.0
344,"2020","Lakshadweep","31","Expressways",0.0,0.0,0.0
345,"2020","Lakshadweep","31","National Highways",0.0,0.0,0.0
346,"2020","Lakshadweep","31","Other Roads",1.0,1.0,0.0
347,"2020","Lakshadweep","31","State Highways",0.0,0.0,0.0
348,"2020","Madhya Pradesh","23","Expressways",0.0,0.0,0.0
349,"2020","Madhya Pradesh","23","National Highways",8669.0,8691.0,3001.0
350,"2020","Madhya Pradesh","23","Other Roads",22791.0,22361.0,5716.0
351,"2020","Madhya Pradesh","23","State Highways",10936.0,10730.0,2948.0
352,"2020","Maharashtra","27","Expressways",143.0,94.0,60.0
353,"2020","Maharashtra","27","National Highways",5665.0,4618.0,3334.0
354,"2020","Maharashtra","27","Other Roads",10603.0,7781.0,5259.0
355,"2020","Maharashtra","27","State Highways",5800.0,4672.0,3365.0
356,"2020","Manipur","14","Expressways",0.0,0.0,0.0
357,"2020","Manipur","14","National Highways",273.0,401.0,90.0
358,"2020","Manipur","14","Other Roads",53.0,85.0,21.0
359,"2020","Manipur","14","State Highways",106.0,176.0,16.0
360,"2020","Meghalaya","17","Expressways",0.0,0.0,0.0
361,"2020","Meghalaya","17","National Highways",125.0,162.0,80.0
362,"2020","Meghalaya","17","Other Roads",65.0,37.0,49.0
363,"2020","Meghalaya","17","State Highways",15.0,13.0,9.0
364,"2020","Mizoram","15","Expressways",0.0,0.0,0.0
365,"2020","Mizoram","15","National Highways",23.0,27.0,26.0
366,"2020","Mizoram","15","Other Roads",7.0,4.0,6.0
367,"2020","Mizoram","15","State Highways",17.0,14.0,21.0
368,"2020","Nagaland","13","Expressways",0.0,0.0,0.0
369,"2020","Nagaland","13","National Highways",13.0,12.0,11.0
370,"2020","Nagaland","13","Other Roads",6.0,7.0,7.0
371,"2020","Nagaland","13","State Highways",8.0,11.0,9.0
372,"2020","Odisha","21","Expressways",71.0,73.0,31.0
373,"2020","Odisha","21","National Highways",3613.0,3351.0,1760.0
374,"2020","Odisha","21","Other Roads",3639.0,3240.0,1702.0
375,"2020","Odisha","21","State Highways",2494.0,2158.0,1245.0
376,"2020","Puducherry","34","Expressways",0.0,0.0,0.0
377,"2020","Puducherry","34","National Highways",527.0,439.0,123.0
378,"2020","Puducherry","34","Other Roads",309.0,464.0,5.0
379,"2020","Puducherry","34","State Highways",133.0,116.0,17.0
380,"2020","Punjab","3","Expressways",24.0,11.0,20.0
381,"2020","Punjab","3","National Highways",1723.0,903.0,1409.0
382,"2020","Punjab","3","Other Roads",2075.0,1071.0,1547.0
383,"2020","Punjab","3","State Highways",1351.0,896.0,940.0
384,"2020","Rajasthan","8","Expressways",44.0,34.0,28.0
385,"2020","Rajasthan","8","National Highways",5719.0,5083.0,3289.0
386,"2020","Rajasthan","8","Other Roads",10043.0,8806.0,4129.0
387,"2020","Rajasthan","8","State Highways",3315.0,2860.0,1806.0
388,"2020","Sikkim","11","Expressways",0.0,0.0,0.0
389,"2020","Sikkim","11","National Highways",32.0,51.0,11.0
390,"2020","Sikkim","11","Other Roads",39.0,88.0,22.0
391,"2020","Sikkim","11","State Highways",37.0,57.0,9.0
392,"2020","Tamil Nadu","33","Expressways",0.0,0.0,0.0
393,"2020","Tamil Nadu","33","National Highways",14302.0,16458.0,3027.0
394,"2020","Tamil Nadu","33","Other Roads",15711.0,16767.0,2517.0
395,"2020","Tamil Nadu","33","State Highways",15471.0,17326.0,2515.0
396,"2020","Telangana","36","Expressways",149.0,138.0,40.0
397,"2020","Telangana","36","National Highways",6670.0,6470.0,2496.0
398,"2020","Telangana","36","Other Roads",10362.0,10032.0,3555.0
399,"2020","Telangana","36","State Highways",1991.0,2021.0,791.0
400,"2020","The Dadra And Nagar Haveli And Daman And Diu","38","Expressways",0.0,0.0,0.0
401,"2020","The Dadra And Nagar Haveli And Daman And Diu","38","National Highways",0.0,0.0,0.0
402,"2020","The Dadra And Nagar Haveli And Daman And Diu","38","Other Roads",65.0,94.0,46.0
403,"2020","The Dadra And Nagar Haveli And Daman And Diu","38","State Highways",33.0,25.0,18.0
404,"2020","Tripura","16","Expressways",0.0,0.0,0.0
405,"2020","Tripura","16","National Highways",184.0,182.0,78.0
406,"2020","Tripura","16","Other Roads",108.0,119.0,47.0
407,"2020","Tripura","16","State Highways",174.0,169.0,67.0
408,"2020","Uttar Pradesh","9","Expressways",807.0,523.0,711.0
409,"2020","Uttar Pradesh","9","National Highways",8924.0,4972.0,6137.0
410,"2020","Uttar Pradesh","9","Other Roads",10949.0,5824.0,6865.0
411,"2020","Uttar Pradesh","9","State Highways",7973.0,4663.0,5324.0
412,"2020","Uttarakhand","5","Expressways",0.0,0.0,0.0
413,"2020","Uttarakhand","5","National Highways",535.0,401.0,367.0
414,"2020","Uttarakhand","5","Other Roads",336.0,260.0,195.0
415,"2020","Uttarakhand","5","State Highways",179.0,201.0,131.0
416,"2020","West Bengal","19","Expressways",153.0,98.0,71.0
417,"2020","West Bengal","19","National Highways",3211.0,2943.0,1715.0
418,"2020","West Bengal","19","Other Roads",5066.0,4206.0,1878.0
419,"2020","West Bengal","19","State Highways",2413.0,2309.0,1507.0
420,"2021","Andaman And Nicobar Islands","35","Expressways",0.0,0.0,0.0
421,"2021","Andaman And Nicobar Islands","35","National Highways",42.0,44.0,6.0
422,"2021","Andaman And Nicobar Islands","35","Other Roads",44.0,28.0,12.0
423,"2021","Andaman And Nicobar Islands","35","State Highways",31.0,25.0,4.0
424,"2021","Andhra Pradesh","28","Expressways",0.0,0.0,0.0
425,"2021","Andhra Pradesh","28","National Highways",8241.0,8323.0,3602.0
426,"2021","Andhra Pradesh","28","Other Roads",8611.0,7931.0,2680.0
427,"2021","Andhra Pradesh","28","State Highways",4704.0,4786.0,1904.0
428,"2021","Arunachal Pradesh","12","Expressways",0.0,0.0,0.0
429,"2021","Arunachal Pradesh","12","National Highways",110.0,112.0,59.0
430,"2021","Arunachal Pradesh","12","Other Roads",86.0,77.0,58.0
431,"2021","Arunachal Pradesh","12","State Highways",65.0,77.0,56.0
432,"2021","Assam","18","Expressways",0.0,0.0,0.0
433,"2021","Assam","18","National Highways",3197.0,2560.0,1586.0
434,"2021","Assam","18","Other Roads",1959.0,1344.0,704.0
435,"2021","Assam","18","State Highways",1913.0,1516.0,724.0
436,"2021","Bihar","10","Expressways",0.0,0.0,0.0
437,"2021","Bihar","10","National Highways",4348.0,3536.0,3493.0
438,"2021","Bihar","10","Other Roads",3089.0,2482.0,2390.0
439,"2021","Bihar","10","State Highways",2116.0,1928.0,1777.0
440,"2021","Chandigarh","4","Expressways",0.0,0.0,0.0
441,"2021","Chandigarh","4","National Highways",29.0,21.0,21.0
442,"2021","Chandigarh","4","Other Roads",179.0,151.0,75.0
443,"2021","Chandigarh","4","State Highways",0.0,0.0,0.0
444,"2021","Chhattisgarh","22","Expressways",0.0,0.0,0.0
445,"2021","Chhattisgarh","22","National Highways",3658.0,2885.0,1665.0
446,"2021","Chhattisgarh","22","Other Roads",6548.0,5714.0,2656.0
447,"2021","Chhattisgarh","22","State Highways",2189.0,2083.0,1092.0
448,"2021","Delhi","7","Expressways",8.0,3.0,5.0
449,"2021","Delhi","7","National Highways",565.0,361.0,232.0
450,"2021","Delhi","7","Other Roads",3845.0,3427.0,876.0
451,"2021","Delhi","7","State Highways",302.0,198.0,126.0
452,"2021","Goa","30","Expressways",0.0,0.0,0.0
453,"2021","Goa","30","National Highways",1069.0,272.0,93.0
454,"2021","Goa","30","Other Roads",1415.0,474.0,101.0
455,"2021","Goa","30","State Highways",366.0,110.0,32.0
456,"2021","Gujarat","24","Expressways",44.0,31.0,33.0
457,"2021","Gujarat","24","National Highways",3376.0,2687.0,2017.0
458,"2021","Gujarat","24","Other Roads",7360.0,6803.0,2864.0
459,"2021","Gujarat","24","State Highways",4420.0,4201.0,2543.0
460,"2021","Haryana","6","Expressways",158.0,99.0,126.0
461,"2021","Haryana","6","National Highways",3525.0,2855.0,1846.0
462,"2021","Haryana","6","Other Roads",4754.0,3761.0,2126.0
463,"2021","Haryana","6","State Highways",1612.0,1257.0,885.0
464,"2021","Himachal Pradesh","2","Expressways",0.0,0.0,0.0
465,"2021","Himachal Pradesh","2","National Highways",1075.0,1467.0,388.0
466,"2021","Himachal Pradesh","2","Other Roads",934.0,1421.0,507.0
467,"2021","Himachal Pradesh","2","State Highways",399.0,557.0,137.0
468,"2021","Jammu And Kashmir","1","Expressways",2.0,0.0,1.0
469,"2021","Jammu And Kashmir","1","National Highways",1905.0,2370.0,367.0
470,"2021","Jammu And Kashmir","1","Other Roads",2738.0,3384.0,342.0
471,"2021","Jammu And Kashmir","1","State Highways",757.0,1102.0,94.0
472,"2021","Jharkhand","20","Expressways",0.0,0.0,0.0
473,"2021","Jharkhand","20","National Highways",1263.0,1038.0,1106.0
474,"2021","Jharkhand","20","Other Roads",2101.0,1414.0,1347.0
475,"2021","Jharkhand","20","State Highways",1364.0,775.0,1060.0
476,"2021","Karnataka","29","Expressways",0.0,0.0,0.0
477,"2021","Karnataka","29","National Highways",11482.0,13367.0,3490.0
478,"2021","Karnataka","29","Other Roads",14353.0,15853.0,3790.0
479,"2021","Karnataka","29","State Highways",8812.0,11534.0,2758.0
480,"2021","Kerala","32","Expressways",0.0,0.0,0.0
481,"2021","Kerala","32","National Highways",7806.0,8716.0,1021.0
482,"2021","Kerala","32","Other Roads",16850.0,18581.0,1531.0
483,"2021","Kerala","32","State Highways",8103.0,9217.0,877.0
484,"2021","Ladakh","37","Expressways",0.0,0.0,0.0
485,"2021","Ladakh","37","National Highways",126.0,166.0,30.0
486,"2021","Ladakh","37","Other Roads",23.0,32.0,0.0
487,"2021","Ladakh","37","State Highways",88.0,93.0,26.0
488,"2021","Lakshadweep","31","Expressways",0.0,0.0,0.0
489,"2021","Lakshadweep","31","National Highways",0.0,0.0,0.0
490,"2021","Lakshadweep","31","Other Roads",4.0,6.0,1.0
491,"2021","Lakshadweep","31","State Highways",0.0,0.0,0.0
492,"2021","Madhya Pradesh","23","Expressways",0.0,0.0,0.0
493,"2021","Madhya Pradesh","23","National Highways",10233.0,9922.0,3287.0
494,"2021","Madhya Pradesh","23","Other Roads",26831.0,25863.0,6105.0
495,"2021","Madhya Pradesh","23","State Highways",11155.0,11332.0,3088.0
496,"2021","Maharashtra","27","Expressways",199.0,130.0,87.0
497,"2021","Maharashtra","27","National Highways",6976.0,5330.0,3996.0
498,"2021","Maharashtra","27","Other Roads",12538.0,8777.0,6021.0
499,"2021","Maharashtra","27","State Highways",6885.0,5439.0,3807.0
500,"2021","Manipur","14","Expressways",0.0,0.0,0.0
501,"2021","Manipur","14","National Highways",236.0,322.0,76.0
502,"2021","Manipur","14","Other Roads",55.0,83.0,13.0
503,"2021","Manipur","14","State Highways",75.0,99.0,21.0
504,"2021","Meghalaya","17","Expressways",0.0,0.0,0.0
505,"2021","Meghalaya","17","National Highways",141.0,161.0,118.0
506,"2021","Meghalaya","17","Other Roads",56.0,61.0,37.0
507,"2021","Meghalaya","17","State Highways",47.0,41.0,32.0
508,"2021","Mizoram","15","Expressways",0.0,0.0,0.0
509,"2021","Mizoram","15","National Highways",24.0,10.0,23.0
510,"2021","Mizoram","15","Other Roads",11.0,7.0,11.0
511,"2021","Mizoram","15","State Highways",29.0,11.0,30.0
512,"2021","Nagaland","13","Expressways",0.0,0.0,0.0
513,"2021","Nagaland","13","National Highways",12.0,5.0,10.0
514,"2021","Nagaland","13","Other Roads",2.0,1.0,2.0
515,"2021","Nagaland","13","State Highways",11.0,29.0,11.0
516,"2021","Odisha","21","Expressways",47.0,24.0,32.0
517,"2021","Odisha","21","National Highways",4038.0,3533.0,1888.0
518,"2021","Odisha","21","Other Roads",4560.0,4068.0,2091.0
519,"2021","Odisha","21","State Highways",2338.0,2157.0,1070.0
520,"2021","Puducherry","34","Expressways",0.0,0.0,0.0
521,"2021","Puducherry","34","National Highways",565.0,487.0,120.0
522,"2021","Puducherry","34","Other Roads",339.0,490.0,6.0
523,"2021","Puducherry","34","State Highways",145.0,122.0,17.0
524,"2021","Punjab","3","Expressways",107.0,64.0,43.0
525,"2021","Punjab","3","National Highways",1898.0,970.0,1545.0
526,"2021","Punjab","3","Other Roads",2077.0,1005.0,1483.0
527,"2021","Punjab","3","State Highways",2015.0,995.0,1445.0
528,"2021","Rajasthan","8","Expressways",29.0,12.0,18.0
529,"2021","Rajasthan","8","National Highways",6378.0,5884.0,3653.0
530,"2021","Rajasthan","8","Other Roads",10881.0,10006.0,4460.0
531,"2021","Rajasthan","8","State Highways",3666.0,3455.0,1912.0
532,"2021","Sikkim","11","Expressways",0.0,0.0,0.0
533,"2021","Sikkim","11","National Highways",47.0,45.0,23.0
534,"2021","Sikkim","11","Other Roads",29.0,62.0,21.0
535,"2021","Sikkim","11","State Highways",46.0,71.0,20.0
536,"2021","Tamil Nadu","33","Expressways",7.0,7.0,2.0
537,"2021","Tamil Nadu","33","National Highways",17074.0,17377.0,5360.0
538,"2021","Tamil Nadu","33","Other Roads",20041.0,19777.0,4955.0
539,"2021","Tamil Nadu","33","State Highways",18560.0,18835.0,5067.0
540,"2021","Telangana","36","Expressways",14.0,16.0,3.0
541,"2021","Telangana","36","National Highways",7200.0,6911.0,2732.0
542,"2021","Telangana","36","Other Roads",11909.0,11105.0,3958.0
543,"2021","Telangana","36","State Highways",2192.0,2075.0,864.0
544,"2021","The Dadra And Nagar Haveli And Daman And Diu","38","Expressways",0.0,0.0,0.0
545,"2021","The Dadra And Nagar Haveli And Daman And Diu","38","National Highways",0.0,0.0,0.0
546,"2021","The Dadra And Nagar Haveli And Daman And Diu","38","Other Roads",71.0,93.0,39.0
547,"2021","The Dadra And Nagar Haveli And Daman And Diu","38","State Highways",69.0,78.0,37.0
548,"2021","Tripura","16","Expressways",0.0,0.0,0.0
549,"2021","Tripura","16","National Highways",199.0,207.0,94.0
550,"2021","Tripura","16","Other Roads",108.0,96.0,39.0
551,"2021","Tripura","16","State Highways",171.0,243.0,61.0
552,"2021","Uttar Pradesh","9","Expressways",1157.0,749.0,965.0
553,"2021","Uttar Pradesh","9","National Highways",11168.0,6150.0,7212.0
554,"2021","Uttar Pradesh","9","Other Roads",12216.0,7512.0,7724.0
555,"2021","Uttar Pradesh","9","State Highways",9170.0,5402.0,5891.0
556,"2021","Uttarakhand","5","Expressways",0.0,0.0,0.0
557,"2021","Uttarakhand","5","National Highways",565.0,460.0,345.0
558,"2021","Uttarakhand","5","Other Roads",616.0,435.0,307.0
559,"2021","Uttarakhand","5","State Highways",224.0,232.0,172.0
560,"2021","West Bengal","19","Expressways",127.0,79.0,41.0
561,"2021","West Bengal","19","National Highways",3633.0,3232.0,2111.0
562,"2021","West Bengal","19","Other Roads",5329.0,4389.0,2279.0
563,"2021","West Bengal","19","State Highways",2412.0,2096.0,1400.0
564,"2022","Andaman And Nicobar Islands","35","Expressways",0.0,0.0,0.0
565,"2022","Andaman And Nicobar Islands","35","National Highways",43.0,39.0,11.0
566,"2022","Andaman And Nicobar Islands","35","Other Roads",56.0,55.0,6.0
567,"2022","Andaman And Nicobar Islands","35","State Highways",42.0,42.0,2.0
568,"2022","Andhra Pradesh","28","Expressways",0.0,0.0,0.0
569,"2022","Andhra Pradesh","28","National Highways",8554.0,8890.0,3793.0
570,"2022","Andhra Pradesh","28","Other Roads",7678.0,7519.0,2631.0
571,"2022","Andhra Pradesh","28","State Highways",4838.0,4931.0,1869.0
572,"2022","Arunachal Pradesh","12","Expressways",0.0,0.0,0.0
573,"2022","Arunachal Pradesh","12","National Highways",103.0,78.0,54.0
574,"2022","Arunachal Pradesh","12","Other Roads",87.0,91.0,82.0
575,"2022","Arunachal Pradesh","12","State Highways",25.0,8.0,16.0
576,"2022","Assam","18","Expressways",0.0,0.0,0.0
577,"2022","Assam","18","National Highways",3354.0,2686.0,1547.0
578,"2022","Assam","18","Other Roads",1924.0,1556.0,845.0
579,"2022","Assam","18","State Highways",1750.0,1437.0,668.0
580,"2022","Bihar","10","Expressways",0.0,0.0,0.0
581,"2022","Bihar","10","National Highways",4601.0,3158.0,3926.0
582,"2022","Bihar","10","Other Roads",3772.0,2289.0,2940.0
583,"2022","Bihar","10","State Highways",2428.0,1621.0,2032.0
584,"2022","Chandigarh","4","Expressways",0.0,0.0,0.0
585,"2022","Chandigarh","4","National Highways",29.0,21.0,9.0
586,"2022","Chandigarh","4","Other Roads",209.0,182.0,74.0
587,"2022","Chandigarh","4","State Highways",0.0,0.0,0.0
588,"2022","Chhattisgarh","22","Expressways",0.0,0.0,0.0
589,"2022","Chhattisgarh","22","National Highways",3989.0,3166.0,1861.0
590,"2022","Chhattisgarh","22","Other Roads",6993.0,6032.0,3028.0
591,"2022","Chhattisgarh","22","State Highways",2109.0,2261.0,1001.0
592,"2022","Delhi","7","Expressways",0.0,0.0,0.0
593,"2022","Delhi","7","National Highways",517.0,414.0,157.0
594,"2022","Delhi","7","Other Roads",4544.0,3903.0,1175.0
595,"2022","Delhi","7","State Highways",499.0,396.0,129.0
596,"2022","Goa","30","Expressways",0.0,0.0,0.0
597,"2022","Goa","30","National Highways",1227.0,344.0,121.0
598,"2022","Goa","30","Other Roads",1377.0,533.0,116.0
599,"2022","Goa","30","State Highways",408.0,194.0,37.0
600,"2022","Gujarat","24","Expressways",114.0,183.0,64.0
601,"2022","Gujarat","24","National Highways",3396.0,2995.0,2029.0
602,"2022","Gujarat","24","Other Roads",8170.0,7619.0,3378.0
603,"2022","Gujarat","24","State Highways",4097.0,4342.0,2163.0
604,"2022","Haryana","6","Expressways",127.0,67.0,107.0
605,"2022","Haryana","6","National Highways",3636.0,2924.0,2083.0
606,"2022","Haryana","6","Other Roads",4949.0,3705.0,2116.0
607,"2022","Haryana","6","State Highways",1942.0,1657.0,922.0
608,"2022","Himachal Pradesh","2","Expressways",0.0,0.0,0.0
609,"2022","Himachal Pradesh","2","National Highways",1165.0,1720.0,393.0
610,"2022","Himachal Pradesh","2","Other Roads",767.0,1207.0,372.0
611,"2022","Himachal Pradesh","2","State Highways",552.0,964.0,214.0
612,"2022","Jammu And Kashmir","1","Expressways",15.0,0.0,0.0
613,"2022","Jammu And Kashmir","1","National Highways",2212.0,3019.0,386.0
614,"2022","Jammu And Kashmir","1","Other Roads",2769.0,3714.0,376.0
615,"2022","Jammu And Kashmir","1","State Highways",1094.0,1617.0,76.0
616,"2022","Jharkhand","20","Expressways",0.0,0.0,0.0
617,"2022","Jharkhand","20","National Highways",2125.0,1410.0,1699.0
618,"2022","Jharkhand","20","Other Roads",1981.0,1501.0,1387.0
619,"2022","Jharkhand","20","State Highways",1069.0,836.0,812.0
620,"2022","Karnataka","29","Expressways",0.0,0.0,0.0
621,"2022","Karnataka","29","National Highways",13389.0,16587.0,4201.0
622,"2022","Karnataka","29","Other Roads",16580.0,19091.0,4228.0
623,"2022","Karnataka","29","State Highways",9796.0,12476.0,3276.0
624,"2022","Kerala","32","Expressways",0.0,0.0,0.0
625,"2022","Kerala","32","National Highways",9773.0,11425.0,1281.0
626,"2022","Kerala","32","Other Roads",23847.0,26252.0,1986.0
627,"2022","Kerala","32","State Highways",9972.0,11640.0,1050.0
628,"2022","Ladakh","37","Expressways",0.0,0.0,0.0
629,"2022","Ladakh","37","National Highways",134.0,174.0,38.0
630,"2022","Ladakh","37","Other Roads",33.0,32.0,4.0
631,"2022","Ladakh","37","State Highways",101.0,127.0,24.0
632,"2022","Lakshadweep","31","Expressways",0.0,0.0,0.0
633,"2022","Lakshadweep","31","National Highways",0.0,0.0,0.0
634,"2022","Lakshadweep","31","Other Roads",4.0,3.0,2.0
635,"2022","Lakshadweep","31","State Highways",0.0,0.0,0.0
636,"2022","Madhya Pradesh","23","Expressways",0.0,0.0,0.0
637,"2022","Madhya Pradesh","23","National Highways",11907.0,11814.0,3673.0
638,"2022","Madhya Pradesh","23","Other Roads",28161.0,27353.0,6736.0
639,"2022","Madhya Pradesh","23","State Highways",11897.0,12097.0,3509.0
640,"2022","Maharashtra","27","Expressways",191.0,163.0,88.0
641,"2022","Maharashtra","27","National Highways",8339.0,7099.0,4833.0
642,"2022","Maharashtra","27","Other Roads",14526.0,10874.0,6729.0
643,"2022","Maharashtra","27","State Highways",7490.0,5742.0,4098.0
644,"2022","Manipur","14","Expressways",0.0,0.0,0.0
645,"2022","Manipur","14","National Highways",309.0,466.0,71.0
646,"2022","Manipur","14","Other Roads",98.0,195.0,35.0
647,"2022","Manipur","14","State Highways",101.0,156.0,21.0
648,"2022","Meghalaya","17","Expressways",0.0,0.0,0.0
649,"2022","Meghalaya","17","National Highways",154.0,201.0,88.0
650,"2022","Meghalaya","17","Other Roads",62.0,74.0,48.0
651,"2022","Meghalaya","17","State Highways",30.0,35.0,26.0
652,"2022","Mizoram","15","Expressways",0.0,0.0,0.0
653,"2022","Mizoram","15","National Highways",43.0,11.0,50.0
654,"2022","Mizoram","15","Other Roads",2.0,3.0,2.0
655,"2022","Mizoram","15","State Highways",26.0,14.0,31.0
656,"2022","Nagaland","13","Expressways",0.0,0.0,0.0
657,"2022","Nagaland","13","National Highways",13.0,14.0,13.0
658,"2022","Nagaland","13","Other Roads",5.0,1.0,4.0
659,"2022","Nagaland","13","State Highways",6.0,27.0,5.0
660,"2022","Odisha","21","Expressways",76.0,138.0,50.0
661,"2022","Odisha","21","National Highways",4241.0,3632.0,1998.0
662,"2022","Odisha","21","Other Roads",4698.0,4233.0,2150.0
663,"2022","Odisha","21","State Highways",2648.0,2266.0,1272.0
664,"2022","Puducherry","34","Expressways",0.0,0.0,0.0
665,"2022","Puducherry","34","National Highways",448.0,428.0,71.0
666,"2022","Puducherry","34","Other Roads",639.0,754.0,100.0
667,"2022","Puducherry","34","State Highways",94.0,100.0,10.0
668,"2022","Punjab","3","Expressways",29.0,23.0,27.0
669,"2022","Punjab","3","National Highways",2082.0,1205.0,1590.0
670,"2022","Punjab","3","Other Roads",2230.0,1123.0,1799.0
671,"2022","Punjab","3","State Highways",1781.0,1021.0,1272.0
672,"2022","Rajasthan","8","Expressways",42.0,25.0,29.0
673,"2022","Rajasthan","8","National Highways",6996.0,6577.0,3997.0
674,"2022","Rajasthan","8","Other Roads",12284.0,11598.0,4682.0
675,"2022","Rajasthan","8","State Highways",4298.0,4049.0,2395.0
676,"2022","Sikkim","11","Expressways",0.0,0.0,0.0
677,"2022","Sikkim","11","National Highways",86.0,172.0,28.0
678,"2022","Sikkim","11","Other Roads",52.0,86.0,45.0
679,"2022","Sikkim","11","State Highways",61.0,113.0,25.0
680,"2022","Tamil Nadu","33","Expressways",0.0,0.0,0.0
681,"2022","Tamil Nadu","33","National Highways",18972.0,21138.0,5978.0
682,"2022","Tamil Nadu","33","Other Roads",22500.0,23178.0,5542.0
683,"2022","Tamil Nadu","33","State Highways",22633.0,23387.0,6364.0
684,"2022","Telangana","36","Expressways",9.0,5.0,4.0
685,"2022","Telangana","36","National Highways",7496.0,6945.0,3006.0
686,"2022","Telangana","36","Other Roads",11931.0,11217.0,3729.0
687,"2022","Telangana","36","State Highways",2183.0,2042.0,820.0
688,"2022","The Dadra And Nagar Haveli And Daman And Diu","38","Expressways",0.0,0.0,0.0
689,"2022","The Dadra And Nagar Haveli And Daman And Diu","38","National Highways",2.0,1.0,1.0
690,"2022","The Dadra And Nagar Haveli And Daman And Diu","38","Other Roads",86.0,158.0,46.0
691,"2022","The Dadra And Nagar Haveli And Daman And Diu","38","State Highways",87.0,98.0,33.0
692,"2022","Tripura","16","Expressways",0.0,0.0,0.0
693,"2022","Tripura","16","National Highways",241.0,224.0,105.0
694,"2022","Tripura","16","Other Roads",141.0,136.0,59.0
695,"2022","Tripura","16","State Highways",193.0,181.0,77.0
696,"2022","Uttar Pradesh","9","Expressways",1680.0,961.0,1310.0
697,"2022","Uttar Pradesh","9","National Highways",12380.0,7330.0,8236.0
698,"2022","Uttar Pradesh","9","Other Roads",13637.0,8139.0,8493.0
699,"2022","Uttar Pradesh","9","State Highways",9178.0,5266.0,6070.0
700,"2022","Uttarakhand","5","Expressways",0.0,0.0,0.0
701,"2022","Uttarakhand","5","National Highways",660.0,733.0,464.0
702,"2022","Uttarakhand","5","Other Roads",516.0,395.0,282.0
703,"2022","Uttarakhand","5","State Highways",498.0,485.0,296.0
704,"2022","West Bengal","19","Expressways",163.0,86.0,101.0
705,"2022","West Bengal","19","National Highways",3506.0,2586.0,1882.0
706,"2022","West Bengal","19","Other Roads",4737.0,3509.0,2417.0
707,"2022","West Bengal","19","State Highways",2229.0,1943.0,1388.0
